time,latitude,longitude,depth,mag,magType,nst,gap,dmin,rms,net,id,updated,place,type
2015-04-12T12:10:35.530Z,36.7012,-97.9155,2.84,3.1,mb_lg,,43,0.156,0.3,us,us200025xn,2015-04-12T12:27:14.277Z,"20km SW of Medford, Oklahoma",earthquake
2015-04-12T09:40:19.000Z,61.9738,-149.9124,16.9,2.9,ml,,,,0.78,ak,ak11551706,2015-04-12T10:41:26.243Z,"21km S of Y, Alaska",earthquake
2015-04-12T09:01:26.320Z,-15.1353,-173.0697,29.21,4.6,mb,,112,1.747,0.35,us,us200025x5,2015-04-12T09:29:59.277Z,"115km NE of Hihifo, Tonga",earthquake
2015-04-12T08:18:36.320Z,35.8336,-97.4381,5.79,3,mb_lg,,68,0.039,0.2,us,us200025ww,2015-04-12T08:51:13.893Z,"5km SSW of Guthrie, Oklahoma",earthquake
2015-04-12T07:28:11.860Z,-33.036,-67.502,173.35,4.6,mb,,48,1.791,0.8,us,us200025wp,2015-04-12T07:48:21.474Z,"90km E of San Martin, Argentina",earthquake
2015-04-12T06:55:04.220Z,-28.2827,-67.3404,116.91,4.6,mb,,68,2.145,0.78,us,us200025wk,2015-04-12T07:17:32.668Z,"32km SE of Tinogasta, Argentina",earthquake
2015-04-12T06:25:15.530Z,36.4112,138.8193,147.27,4.6,mb,,53,0.513,0.79,us,us200025wj,2015-04-12T10:55:53.860Z,"12km NW of Annaka, Japan",earthquake
2015-04-12T06:20:16.580Z,51.296,176.677,19.54,4.3,mb,,181,1.647,0.89,us,us200025wi,2015-04-12T06:48:23.313Z,"110km SW of Kiska Volcano, Alaska",earthquake
2015-04-12T05:43:29.310Z,36.6448326,-89.6066666,10.4,2.67,md,35,53,0.1184,0.17,nm,nm60097716,2015-04-12T12:18:40.145Z,"6km N of Lilbourn, Missouri",earthquake
2015-04-12T04:33:17.470Z,38.266,141.8134,54.91,4.5,mb,,134,0.899,0.7,us,us200025wd,2015-04-12T05:12:25.568Z,"47km ESE of Ishinomaki, Japan",earthquake
2015-04-12T03:24:22.730Z,39.016,71.112,40.77,4.3,mb,,54,1.934,0.85,us,us200025wa,2015-04-12T11:26:57.350Z,"43km SW of Karakenja, Tajikistan",earthquake
2015-04-12T02:49:30.800Z,25.0712,128.3235,10,4.7,mb,,129,1.758,1.36,us,us200025w9,2015-04-12T10:52:03.008Z,"133km SSE of Itoman, Japan",earthquake
2015-04-12T02:48:45.000Z,57.428,-155.1476,97,3.2,ml,,,,0.84,ak,ak11551521,2015-04-12T10:51:19.366Z,"71km W of Larsen Bay, Alaska",earthquake
2015-04-12T00:45:27.790Z,-18.5509,-174.3102,21.31,5.1,mb,,81,4.184,0.95,us,us200025vw,2015-04-12T01:05:03.819Z,"36km WNW of Neiafu, Tonga",earthquake
2015-04-12T00:42:03.440Z,36.1325,-97.5731,3.01,3.4,mb_lg,,40,0.348,0.28,us,us200025vt,2015-04-12T00:57:58.123Z,"20km N of Crescent, Oklahoma",earthquake
2015-04-11T22:59:59.000Z,60.1346,-154.3973,115.7,2.5,ml,,,,0.62,ak,ak11551496,2015-04-12T07:02:26.665Z,"51km NE of Old Iliamna, Alaska",earthquake
2015-04-11T22:01:43.200Z,46.8741,-113.058,18.3,2.9,mc,7,197.999984160001,0.1347473,0.23,mb,mb31286,2015-04-12T00:31:58.051Z,"30km WSW of Lincoln, Montana",earthquake
2015-04-11T21:56:18.900Z,19.3598,-155.2043,3.2,2.8,Ml,,57.6,0.01796631,0.31,hv,hv60892831,2015-04-12T05:59:04.565Z,"8km SSE of Volcano, Hawaii",earthquake
2015-04-11T19:32:01.000Z,64.9951,-151.5221,16,2.9,ml,,,,0.88,ak,ak11551396,2015-04-12T03:34:44.603Z,"32km SE of Tanana, Alaska",earthquake
2015-04-11T17:51:51.800Z,36.0253334,-120.5863342,5.62,2.81,md,85,57,0.04333,0.07,nc,nc72430166,2015-04-12T01:54:32.226Z,"24km WSW of Coalinga, California",earthquake
2015-04-11T17:18:44.170Z,-6.5128,146.998,64.58,4.8,mb,,41,2.877,1.13,us,us200025um,2015-04-12T01:21:24.920Z,"23km N of Lae, Papua New Guinea",earthquake
2015-04-11T16:22:10.200Z,18.8262,-67.7188,25,3.3,Md,12,316.8,0.88304392,0.23,pr,pr15101006,2015-04-12T00:25:12.727Z,"73km NW of Rincon, Puerto Rico",earthquake
2015-04-11T16:05:03.000Z,63.3565,-145.4351,9.1,2.7,ml,,,,0.98,ak,ak11551318,2015-04-12T00:07:40.530Z,"58km S of Deltana, Alaska",earthquake
2015-04-11T15:17:20.000Z,63.4604,-148.5924,10.4,3,ml,,,,0.81,ak,ak11551272,2015-04-11T23:19:56.626Z,"19km ENE of Cantwell, Alaska",earthquake
2015-04-11T12:44:36.690Z,-6.7541,104.3261,35,5.1,mb,,118,3.552,0.83,us,us200025u9,2015-04-11T20:47:03.607Z,"143km W of Cangkeuteuk Sabrang, Indonesia",earthquake
2015-04-11T11:42:53.590Z,4.7817,124.9019,288.85,5.1,mb,,55,2.37,0.84,us,us200025u4,2015-04-11T19:45:38.895Z,"92km SW of Sarangani, Philippines",earthquake
2015-04-11T10:48:39.400Z,19.9542,-64.1023,52,3.4,Md,11,316.8,1.6043911,0.23,pr,pr15101005,2015-04-11T18:51:07.283Z,"178km NNE of Road Town, British Virgin Islands",earthquake
2015-04-11T10:36:36.930Z,40.2355003,-123.6626663,29.52,2.57,md,25,63,0.1202,0.1,nc,nc72429981,2015-04-11T12:59:04.448Z,"18km NE of Redway, California",earthquake
2015-04-11T10:07:23.800Z,-15.681,-172.8597,10,4.6,mb,,85,4.386,0.53,us,us200025tw,2015-04-11T18:10:03.471Z,"99km ENE of Hihifo, Tonga",earthquake
2015-04-11T09:56:36.760Z,32.4246667,-115.2126667,7.82,2.68,ml,16,101,0.07826,0.44,ci,ci37361624,2015-04-11T17:59:04.386Z,"8km NNW of Delta, B.C., Mexico",earthquake
2015-04-11T07:45:13.000Z,41.0966,142.8835,39.54,4.6,mb,,134,0.94,1.35,us,us200025tq,2015-04-11T15:47:56.437Z,"134km ENE of Hachinohe, Japan",earthquake
2015-04-11T07:28:01.000Z,63.5105,-149.0256,2.1,2.7,ml,,,,0.64,ak,ak11551110,2015-04-11T15:30:32.516Z,"13km NNW of Cantwell, Alaska",earthquake
2015-04-11T07:27:45.000Z,62.8913,-150.8266,96,2.6,ml,,,,0.22,ak,ak11551114,2015-04-11T18:30:53.288Z,"73km NNW of Talkeetna, Alaska",earthquake
2015-04-11T06:45:54.200Z,48.0525,-114.199,7.2,3.6,mc,12,248.399980128001,0.116781,0.4,mb,mb31284,2015-04-12T05:52:57.267Z,"3km SSE of Somers, Montana",earthquake
2015-04-11T06:32:08.500Z,19.0403,-65.0195,28,2.7,Md,7,270,0.72763538,0.25,pr,pr15101003,2015-04-11T14:34:42.508Z,"77km N of Charlotte Amalie, U.S. Virgin Islands",earthquake
2015-04-11T05:44:50.620Z,43.4308,-126.8748,10,4.2,mwr,,184,1.941,1.57,us,us200025te,2015-04-11T13:47:25.233Z,"203km W of Bandon, Oregon",earthquake
2015-04-11T05:21:10.890Z,2.0477,126.6084,66.84,4.9,mb,,98,1.476,0.93,us,us200025tb,2015-04-11T13:23:38.356Z,"159km WNW of Tobelo, Indonesia",earthquake
2015-04-11T05:00:42.210Z,2.1643,126.7328,47.02,5.3,mb,,84,1.521,1.22,us,us200025t9,2015-04-11T13:03:15.263Z,"149km WNW of Tobelo, Indonesia",earthquake
2015-04-11T04:29:01.980Z,6.4574,-73.0275,39.55,4.5,mb,,106,2.055,0.77,us,us200025t7,2015-04-11T12:28:20.802Z,"6km WSW of Mogotes, Colombia",earthquake
2015-04-11T04:22:01.970Z,33.9630013,-116.8154984,18.26,3.03,ml,97,21,0.05563,0.19,ci,ci37361456,2015-04-12T00:25:05.190Z,"6km NNW of Cabazon, California",earthquake
2015-04-11T03:59:53.880Z,52.1161,153.056,429.12,4.7,mb,,99,2.999,0.76,us,us200025t4,2015-04-11T12:02:35.516Z,"248km WNW of Ozernovskiy, Russia",earthquake
2015-04-11T03:49:47.260Z,35.495,-84.9895,13.55,2.62,md,25,55,0.08374,0.15,se,se60097601,2015-04-11T12:42:18.342Z,"2km E of Dayton, Tennessee",earthquake
2015-04-11T02:43:46.700Z,19.0065,-67.306,14,2.6,Md,3,334.8,0.56593863,0.15,pr,pr15101002,2015-04-11T10:46:26.534Z,"60km NNW of San Antonio, Puerto Rico",earthquake
2015-04-11T02:08:40.600Z,18.9745,-64.7255,34,2.8,Md,3,338.4,0.84800963,0.25,pr,pr15101001,2015-04-11T10:11:13.799Z,"62km N of Road Town, British Virgin Islands",earthquake
2015-04-11T01:03:34.000Z,19.3653,-155.2027,3,2.7,Ml,,57.6,0.01796631,0.28,hv,hv60892151,2015-04-11T09:06:01.778Z,"8km SSE of Volcano, Hawaii",earthquake
2015-04-10T23:28:28.580Z,47.5546,-70.1913,8.23,2.7,mb_lg,,189,0.909,0.44,us,us200025w2,2015-04-12T03:20:06.149Z,"11km SSW of La Malbaie, Canada",earthquake
2015-04-10T22:54:49.830Z,-7.6544,127.5818,158.88,4.7,mb,,44,3.697,1.08,us,us200025sf,2015-04-11T06:57:48.385Z,"242km ENE of Dili, East Timor",earthquake
2015-04-10T20:53:31.340Z,-1.6795,135.3827,27.3,4.2,mb,,180,3.364,0.58,us,us200025s2,2015-04-11T14:24:39.590Z,"170km ESE of Manokwari, Indonesia",earthquake
2015-04-10T20:05:46.900Z,18.9514,-66.2191,28,2.8,Md,11,241.2,0.55605716,0.25,pr,pr15100004,2015-04-11T14:05:31.040Z,"54km N of Dorado, Puerto Rico",earthquake
2015-04-10T19:28:48.000Z,58.8716,-150.5193,33.8,2.7,ml,,,,0.91,ak,ak11550813,2015-04-11T03:31:15.091Z,"104km SE of Homer, Alaska",earthquake
2015-04-10T18:59:38.790Z,40.4336,-126.1572,19.89,4.7,mwr,,199,1.535,0.86,us,us200025qi,2015-04-11T13:59:10.453Z,"161km W of Ferndale, California",earthquake
2015-04-10T18:49:41.540Z,36.6221,70.8454,217.37,4.3,mb,,70,0.547,1.05,us,us200025qh,2015-04-11T13:40:40.070Z,"26km S of Jarm, Afghanistan",earthquake
2015-04-10T17:26:12.500Z,19.0305,-64.718,38,3.2,Md,4,338.4,0.89651865,0.11,pr,pr15100003,2015-04-11T01:28:41.198Z,"68km N of Road Town, British Virgin Islands",earthquake
2015-04-10T17:25:18.170Z,40.272,-122.0015,10.94,2.85,md,20,60,0.1142,0.08,nc,nc72429586,2015-04-11T05:28:04.361Z,"22km ENE of Red Bluff, California",earthquake
2015-04-10T16:46:10.320Z,36.4678,-97.3352,5,2.8,mb_lg,,68,0.523,0.12,us,us200025mx,2015-04-11T00:26:33.580Z,"20km NNW of Perry, Oklahoma",earthquake
2015-04-10T16:23:04.070Z,-13.8058,65.8874,10,5.5,mb,,39,9.054,0.93,us,us200025ml,2015-04-11T00:25:38.161Z,"Mid-Indian Ridge",earthquake
2015-04-10T15:02:10.800Z,47.2503333,-120.7453333,4.2,3.29,ml,29,59,0.05396,0.3,uw,uw60985702,2015-04-10T19:52:28.681Z,"15km ENE of Cle Elum, Washington",earthquake
2015-04-10T12:59:06.500Z,19.3562,-155.2115,0.2,2.5,Ml,,57.6,0.01796631,0.2,hv,hv60891776,2015-04-10T21:01:38.964Z,"8km SSE of Volcano, Hawaii",earthquake
2015-04-10T11:56:12.000Z,53.0368,159.6694,74.3,4.9,mb,,134,0.615,0.81,us,us200025kn,2015-04-12T03:01:04.227Z,"68km E of Petropavlovsk-Kamchatskiy, Russia",earthquake
2015-04-10T11:53:36.400Z,18.9769,-64.6617,29,2.5,Md,3,342,0.88843382,0.14,pr,pr15100001,2015-04-10T19:56:26.537Z,"62km N of Road Town, British Virgin Islands",earthquake
2015-04-10T11:15:01.000Z,61.5844,-146.3381,37.1,3.5,ml,,,,0.72,ak,ak11550464,2015-04-10T21:17:24.314Z,"50km N of Valdez, Alaska",earthquake
2015-04-10T10:07:32.730Z,35.8498,-97.2297,6.41,3.1,mb_lg,,37,0.19,0.76,us,us200025kg,2015-04-11T13:55:12.322Z,"10km SSE of Langston, Oklahoma",earthquake
2015-04-10T09:52:45.760Z,10.9628,125.2267,129.83,4.5,mb,,103,8.797,0.79,us,us200025kf,2015-04-10T17:55:25.549Z,"21km E of San Jose, Philippines",earthquake
2015-04-10T09:42:33.000Z,60.5606,-142.6482,18.3,2.5,ml,,,,0.77,ak,ak11550446,2015-04-10T17:45:01.325Z,"56km NNW of Cape Yakataga, Alaska",earthquake
2015-04-10T09:42:23.830Z,-4.5232,138.2846,35,4.7,mb,,119,6.23,1.48,us,us200025kd,2015-04-10T17:44:54.921Z,"225km ESE of Enarotali, Indonesia",earthquake
2015-04-10T09:15:21.420Z,12.9211,146.144,10,4.7,mb,,95,1.408,0.66,us,us200025kb,2015-04-10T17:17:54.753Z,"151km ESE of Yigo Mayor's Office, Guam",earthquake
2015-04-10T08:54:03.280Z,38.8086667,-122.811,2.16,2.53,md,74,33,0.01228,0.07,nc,nc72429396,2015-04-11T04:25:05.248Z,"5km NW of The Geysers, California",earthquake
2015-04-10T08:28:39.552Z,41.8668,-119.6272,8.1093,2.63,ml,5,107.36,0.152,0.135,nn,nn00489892,2015-04-10T17:41:17.710Z,"71km SE of Lakeview, Oregon",earthquake
2015-04-10T08:24:36.050Z,-5.65,153.2439,17.23,5.1,mb,,101,1.805,0.91,us,us200025k0,2015-04-10T16:27:18.029Z,"132km S of Taron, Papua New Guinea",earthquake
2015-04-10T06:56:26.850Z,2.5114,124.5511,291.06,4.8,mb,,61,3.302,1.25,us,us200025jn,2015-04-10T14:59:02.952Z,"117km NNW of Manado, Indonesia",earthquake
2015-04-10T06:23:13.130Z,28.2428,51.8437,10,4.7,mb,,46,5.101,1.23,us,us200025jj,2015-04-10T14:25:53.247Z,"97km SW of Firuzabad, Iran",earthquake
2015-04-10T06:10:39.100Z,-41.2411,-88.7521,10,4.9,mb,,75,12.25,0.69,us,us200025ji,2015-04-10T14:13:13.821Z,"West Chile Rise",earthquake
2015-04-10T05:25:42.000Z,62.1849,-151.3119,77.1,2.5,ml,,,,0.63,ak,ak11550369,2015-04-10T21:18:00.212Z,"64km WSW of Talkeetna, Alaska",earthquake
2015-04-10T03:28:07.410Z,0.8298,97.0573,29.71,4.3,mb,,143,0.7,0.47,us,us200025j8,2015-04-10T23:21:36.002Z,"197km SSE of Sinabang, Indonesia",earthquake
2015-04-10T03:24:51.850Z,5.4321,126.2089,103.91,4.4,mb,,68,1.743,0.95,us,us200025iy,2015-04-10T23:09:09.738Z,"82km SE of Caburan, Philippines",earthquake
2015-04-10T03:12:23.110Z,-10.4992,123.9585,48.48,4.6,mb,,70,0.799,0.75,us,us200025ir,2015-04-10T22:56:06.202Z,"55km SE of Kupang, Indonesia",earthquake
2015-04-10T03:02:00.400Z,36.5971,-97.6937,6.392,2.7,ml,,68,,0.44,us,us200025lc,2015-04-10T22:43:05.811Z,"23km S of Medford, Oklahoma",earthquake
2015-04-10T02:59:44.300Z,19.6721,-66.0531,36,3.4,Md,9,302.4,1.2693195,0.18,pr,pr15100000,2015-04-10T11:02:26.773Z,"133km N of San Juan, Puerto Rico",earthquake
2015-04-10T01:27:08.200Z,35.8112,-97.2347,6.188,2.7,ml,,66,,0.32,us,us200025l8,2015-04-10T22:19:59.099Z,"14km S of Langston, Oklahoma",earthquake
2015-04-10T00:31:20.770Z,38.5159,73.9659,129.14,4.3,mb,,109,2.894,0.99,us,us200025ie,2015-04-10T08:34:01.734Z,"38km N of Murghob, Tajikistan",earthquake
2015-04-09T23:25:05.000Z,61.8254,-150.0688,35,2.9,ml,,,,0.52,ak,ak11550337,2015-04-10T07:27:36.540Z,"8km N of Willow, Alaska",earthquake
2015-04-09T22:49:42.220Z,14.0871,92.8323,25.76,5.1,mb,,52,2.418,0.78,us,us200025i0,2015-04-10T06:52:18.647Z,"264km N of Bamboo Flat, India",earthquake
2015-04-09T22:35:53.990Z,-1.9959,139.2939,35,4.6,mb,,90,7.098,0.78,us,us200025ht,2015-04-10T06:38:22.377Z,"159km WNW of Abepura, Indonesia",earthquake
2015-04-09T20:28:40.680Z,13.7173,-91.3664,10,4.3,mb,,142,0.863,1.09,us,us200025fx,2015-04-09T23:27:13.994Z,"53km SW of La Gomera, Guatemala",earthquake
2015-04-09T20:02:51.930Z,35.6608333,-83.6153333,3.97,2.6,md,19,50,0.1292,0.35,se,se60097411,2015-04-11T12:48:16.831Z,"11km WSW of Gatlinburg, Tennessee",earthquake
2015-04-09T19:47:56.300Z,36.3294,-97.5249,6.727,2.7,mb_lg,,58,,0.25,us,us200025g0,2015-04-10T03:50:39.104Z,"21km WNW of Perry, Oklahoma",earthquake
2015-04-09T19:26:30.000Z,61.7553,-150.9181,69.2,2.5,ml,,,,0.38,ak,ak11550177,2015-04-10T03:29:02.102Z,"46km W of Willow, Alaska",earthquake
2015-04-09T19:21:45.000Z,36.9188,-98.2455,5,2.5,mb_lg,,237,,0.43,us,us200025fw,2015-04-10T03:24:17.322Z,"20km NNE of Cherokee, Oklahoma",earthquake
2015-04-09T19:15:53.700Z,36.8012,-97.8385,5,2.5,ml,,57,,0.64,us,us200025fq,2015-04-10T03:18:20.532Z,"9km W of Medford, Oklahoma",earthquake
2015-04-09T19:06:36.900Z,36.8033,-97.8397,5.365,2.5,ml,,57,,0.6,us,us200025f7,2015-04-10T03:09:08.233Z,"9km W of Medford, Oklahoma",earthquake
2015-04-09T18:40:31.700Z,36.1254,-97.5508,5,3,ml,,57,,0.45,us,us200025f1,2015-04-10T02:43:04.596Z,"19km NNE of Crescent, Oklahoma",earthquake
2015-04-09T18:20:28.490Z,-6.7201,105.3433,35,4.9,mb,,80,9.997,0.73,us,us200025e5,2015-04-10T07:01:24.926Z,"31km W of Babakantonggoh, Indonesia",earthquake
2015-04-09T15:24:05.000Z,36.9232,-98.2484,3.738,2.5,ml,,118,,0.72,us,us200025dg,2015-04-10T13:37:59.530Z,"21km NNE of Cherokee, Oklahoma",earthquake
2015-04-09T14:12:49.660Z,37.1791,71.8643,172.04,4.6,mb,,56,1.03,0.87,us,us200025cv,2015-04-09T22:15:30.869Z,"9km SSE of Roshtqal'a, Tajikistan",earthquake
2015-04-09T13:00:19.450Z,15.7668,120.9124,35.77,4.6,mb,,135,1.828,0.87,us,us200025ck,2015-04-09T19:16:55.228Z,"2km W of Magtanggol, Philippines",earthquake
2015-04-09T09:29:40.220Z,35.6441,-97.2441,5,2.8,mb_lg,,26,0.099,0.72,us,us200025bg,2015-04-09T12:39:02.188Z,"4km WSW of Luther, Oklahoma",earthquake
2015-04-09T09:19:17.030Z,36.2927,-97.546,5,3,mb_lg,,35,0.411,0.8,us,us200025bd,2015-04-09T17:21:55.388Z,"23km W of Perry, Oklahoma",earthquake
2015-04-09T09:18:49.000Z,60.2169,-152.3634,101.2,3,ml,,,,0.53,ak,ak11550045,2015-04-09T17:21:30.006Z,"36km SE of Redoubt Volcano, Alaska",earthquake
2015-04-09T08:35:36.650Z,40.4111667,-124.6175,20.32,2.55,md,36,234,0.2697,0.13,nc,nc72428841,2015-04-09T23:22:06.999Z,"35km WSW of Ferndale, California",earthquake
2015-04-09T08:13:53.890Z,0.1994,126.2693,40.77,4.9,mb,,55,1.235,0.8,us,us200025b7,2015-04-09T16:16:28.326Z,"138km WSW of Kota Ternate, Indonesia",earthquake
2015-04-09T07:21:24.130Z,51.7221,-173.0055,35.08,4.4,mb,,183,0.88,1.06,us,us200025ay,2015-04-09T19:10:26.933Z,"97km ESE of Atka, Alaska",earthquake
2015-04-09T06:50:22.000Z,59.8501,-153.1415,114.7,3.6,ml,,,,0.77,ak,ak11549998,2015-04-09T19:10:43.861Z,"73km W of Anchor Point, Alaska",earthquake
2015-04-09T06:31:46.600Z,18.0118,-63.6134,29,2.9,Md,3,320.4,1.03396089,0.28,pr,pr15099001,2015-04-09T14:34:21.588Z,"56km W of Marigot, Saint Martin",earthquake
2015-04-09T06:13:58.320Z,-50.4645,114.0573,10,4.9,mb,,123,15.964,0.4,us,us200025ad,2015-04-09T14:16:38.469Z,"Western Indian-Antarctic Ridge",earthquake
2015-04-09T03:39:46.000Z,60.4384,-152.1922,83.9,2.9,ml,,,,0.77,ak,ak11549945,2015-04-09T11:42:26.344Z,"30km E of Redoubt Volcano, Alaska",earthquake
2015-04-09T03:38:08.660Z,36.7062,-97.8245,3.93,3,mb_lg,,33,0.147,0.59,us,us2000259t,2015-04-09T15:50:08.275Z,"13km SW of Medford, Oklahoma",earthquake
2015-04-09T02:07:36.000Z,51.6567,-175.3098,25.7,4.4,ml,,,,0.61,ak,ak11549908,2015-04-09T10:10:10.717Z,"96km ESE of Adak, Alaska",earthquake
2015-04-09T01:54:05.670Z,36.7291667,-118.4933333,18.22,2.66,ml,27,105,0.387,0.22,ci,ci37359576,2015-04-12T09:36:19.068Z,"28km WSW of Independence, California",earthquake
2015-04-09T00:41:17.360Z,35.8488,-97.4381,4.48,2.5,mb_lg,,68,0.053,0.36,us,us2000257p,2015-04-09T01:19:03.335Z,"3km SSW of Guthrie, Oklahoma",earthquake
2015-04-09T00:14:12.200Z,19.7458,-66.019,43,3.4,Md,9,298.8,1.35016787,0.1,pr,pr15099000,2015-04-09T08:16:50.459Z,"141km N of San Juan, Puerto Rico",earthquake
2015-04-08T22:48:08.600Z,19.1728,-64.8233,40,3.2,Md,3,338.4,0.9638923,0.07,pr,pr15098005,2015-04-09T06:50:34.500Z,"86km NNW of Road Town, British Virgin Islands",earthquake
2015-04-08T22:42:51.630Z,1.6964,126.229,56.7,4.6,mb,,105,8.455,0.47,us,us2000256v,2015-04-09T06:45:34.336Z,"119km ENE of Bitung, Indonesia",earthquake
2015-04-08T21:56:19.400Z,18.7185,-66.9865,14,2.8,Md,8,262.8,0.27578279,0.09,pr,pr15098004,2015-04-09T05:58:52.231Z,"24km N of Isabela, Puerto Rico",earthquake
2015-04-08T21:14:28.000Z,60.0133,-153.4285,143,3.3,ml,,,,0.73,ak,ak11549557,2015-04-09T05:17:03.589Z,"64km SW of Redoubt Volcano, Alaska",earthquake
2015-04-08T20:59:26.576Z,41.8572,-119.6506,8.2927,2.71,ml,5,122.4,0.145,0.1303,nn,nn00489722,2015-04-10T00:23:58.040Z,"68km ESE of Lakeview, Oregon",earthquake
2015-04-08T20:51:59.990Z,35.8509,-97.425,5,4.3,mb_lg,,24,0.059,0.86,us,us2000255v,2015-04-11T05:41:16.315Z,"3km S of Guthrie, Oklahoma",earthquake
2015-04-08T20:47:35.100Z,35.8219,-97.424,4.722,3.1,mb_lg,,68,,0.64,us,us2000255s,2015-04-09T07:40:38.525Z,"6km S of Guthrie, Oklahoma",earthquake
2015-04-08T20:06:00.000Z,59.8066,-152.5415,196.6,2.6,ml,,,,0.34,ak,ak11549493,2015-04-09T04:08:34.536Z,"40km W of Anchor Point, Alaska",earthquake
2015-04-08T19:33:38.000Z,60.334,-153.5644,191.6,2.6,ml,,,,0.38,ak,ak11549443,2015-04-09T03:36:20.466Z,"48km WSW of Redoubt Volcano, Alaska",earthquake
2015-04-08T19:30:28.070Z,32.4111667,-115.2448333,6,4.03,ml,28,109,0.05156,0.47,ci,ci37359312,2015-04-10T23:39:43.325Z,"8km NW of Delta, B.C., Mexico",earthquake
2015-04-08T19:23:15.390Z,32.376,-115.2085,7.33,4.27,mw,26,117,0.09244,0.51,ci,ci37359304,2015-04-10T03:16:03.881Z,"3km NNW of Delta, B.C., Mexico",earthquake
2015-04-08T19:22:19.710Z,-56.0971,-24.4338,9.21,4.8,mb,,85,7.137,0.79,us,us20002537,2015-04-09T03:25:01.631Z,"183km ENE of Visokoi Island, South Georgia and the South Sandwich Islands",earthquake
2015-04-08T18:44:33.330Z,-2.7124,140.3797,27.36,4.3,mb,,59,7.012,0.79,us,us2000252r,2015-04-09T02:47:11.734Z,"24km WSW of Abepura, Indonesia",earthquake
2015-04-08T18:04:39.440Z,23.3882,142.8673,9.54,5,mb,,74,3.743,0.6,us,us2000252f,2015-04-09T02:07:09.004Z,"219km SE of Iwo Jima, Japan",earthquake
2015-04-08T18:04:29.000Z,64.9484,-149.1164,15.3,2.5,ml,,,,0.79,ak,ak11549201,2015-04-09T02:07:12.508Z,"41km N of North Nenana, Alaska",earthquake
2015-04-08T17:37:17.300Z,36.6255,-97.6732,6.061,2.8,ml,,62,,0.76,us,us20002525,2015-04-10T00:19:37.654Z,"20km SSE of Medford, Oklahoma",earthquake
2015-04-08T17:09:07.000Z,63.1164,-150.718,120.2,3.7,ml,,,,0.74,ak,ak11549150,2015-04-10T00:10:54.040Z,"93km NNW of Talkeetna, Alaska",earthquake
2015-04-08T16:41:33.350Z,18.345,145.5149,467.05,4.4,mb,,36,2.001,0.72,us,us2000251i,2015-04-09T01:32:41.261Z,"37km NW of Pagan, Northern Mariana Islands",earthquake
2015-04-08T15:44:48.040Z,13.2582,-89.7112,60.35,5.1,mb,,67,0.631,1.11,us,us20002515,2015-04-09T01:35:01.812Z,"39km SSE of Acajutla, El Salvador",earthquake
2015-04-08T14:54:54.860Z,0.301,125.3611,69.57,4.4,mb,,110,2.059,0.74,us,us2000250w,2015-04-08T22:57:31.705Z,"117km ESE of Modayag, Indonesia",earthquake
2015-04-08T14:47:44.000Z,57.9244,-151.8976,40.5,3.2,ml,,,,0.98,ak,ak11549072,2015-04-08T18:24:33.451Z,"33km ENE of Kodiak, Alaska",earthquake
2015-04-08T14:01:18.400Z,35.8209,-97.414,4.727,2.7,ml,,60,,0.41,us,us2000250n,2015-04-08T21:36:30.854Z,"6km S of Guthrie, Oklahoma",earthquake
2015-04-08T13:52:07.420Z,16.2684,-98.3727,10,4.5,mb,,197,1.3,0.79,us,us20002506,2015-04-08T21:54:47.166Z,"22km SSE of Cuajinicuilapa, Mexico",earthquake
2015-04-08T13:49:36.830Z,-6.1304,130.4016,151.08,4.6,mb,,72,2.044,0.77,us,us20002504,2015-04-08T21:52:19.844Z,"225km NNW of Saumlaki, Indonesia",earthquake
2015-04-08T13:33:35.430Z,35.3613,27.7396,37.35,4.4,mb,,106,0.507,0.87,us,us200024zz,2015-04-08T21:36:38.530Z,"50km ESE of Karpathos, Greece",earthquake
2015-04-08T13:07:55.000Z,58.2876,-151.2572,47.9,2.6,ml,,,,0.7,ak,ak11549035,2015-04-08T21:10:34.938Z,"87km NE of Kodiak, Alaska",earthquake
2015-04-08T13:07:36.600Z,19.3923,-155.2463,2.7,2.5,Ml,,43.2,0.01796631,0.09,hv,hv60889991,2015-04-08T22:18:57.401Z,"4km SSW of Volcano, Hawaii",earthquake
2015-04-08T12:47:04.440Z,-14.6542,167.3874,143.39,4.4,mb,,111,0.808,0.6,us,us200024zs,2015-04-08T20:50:12.055Z,"56km NE of Port-Olry, Vanuatu",earthquake
2015-04-08T12:07:39.800Z,19.393,-155.2757,2.7,2.5,Ml,,43.2,0,0.11,hv,hv60889966,2015-04-08T21:10:58.248Z,"5km SW of Volcano, Hawaii",earthquake
2015-04-08T10:29:52.280Z,-19.2734,-69.272,109.13,4.5,mb,,47,0.336,1.19,us,us200024za,2015-04-08T18:32:21.521Z,"122km SSE of Putre, Chile",earthquake
2015-04-08T09:47:16.440Z,-13.2627,-112.4561,10,4.7,mb,,111,14.1,0.72,us,us200024z8,2015-04-08T17:49:44.747Z,"Central East Pacific Rise",earthquake
2015-04-08T09:27:40.420Z,16.2381,-98.6313,35,4.1,mb,,205,1.318,0.78,us,us200024z1,2015-04-08T17:30:14.100Z,"33km SSE of Tecoanapa, Mexico",earthquake
2015-04-08T08:37:30.600Z,18.8936,-65.3095,30,2.9,Md,11,262.8,0.58300662,0.28,pr,pr15098002,2015-04-08T16:40:11.525Z,"65km N of Culebra, Puerto Rico",earthquake
2015-04-08T08:25:20.130Z,40.4305,-125.161,23.48,3.06,ml,35,259,0.6256,0.28,nc,nc72428276,2015-04-09T04:43:04.473Z,"77km WSW of Ferndale, California",earthquake
2015-04-08T08:20:45.850Z,-7.3032,129.7827,112.2,4.6,mb,,48,1.647,1.15,us,us200024yk,2015-04-08T16:23:15.664Z,"183km WNW of Saumlaki, Indonesia",earthquake
2015-04-08T06:23:48.120Z,37.8263333,-121.7755,17.09,2.56,md,123,61,0.02678,0.17,nc,nc72428201,2015-04-09T05:17:49.263Z,"11km SSW of Brentwood, California",earthquake
2015-04-08T05:56:08.970Z,-6.721,129.8509,181.93,4.6,mb,,153,1.906,1.19,us,us200024y8,2015-04-08T13:58:48.258Z,"211km NW of Saumlaki, Indonesia",earthquake
2015-04-08T05:06:43.720Z,39.3606667,-120.0208333,1.54,3.41,mw,17,75,0.1146,0.05,nc,nc72428161,2015-04-09T20:59:28.547Z,"12km NNW of Incline Village, Nevada",earthquake
2015-04-08T03:42:13.880Z,-8.9445,-109.0463,10,5.1,mb,,149,18.087,0.93,us,us200024xr,2015-04-08T11:44:54.630Z,"Central East Pacific Rise",earthquake
2015-04-08T03:32:09.310Z,36.2769,-97.5254,2.44,2.8,mb_lg,,61,0.433,0.55,us,us200024xm,2015-04-08T11:34:44.018Z,"21km W of Perry, Oklahoma",earthquake
2015-04-08T03:27:00.380Z,9.2582,57.4904,10,4.2,mb,,241,4.726,0.54,us,us200024xp,2015-04-08T11:29:43.803Z,"Carlsberg Ridge",earthquake
2015-04-08T03:15:48.480Z,36.2683,-97.2798,5,3,mb_lg,,25,0.472,0.59,us,us200024xj,2015-04-08T21:18:20.256Z,"2km SSE of Perry, Oklahoma",earthquake
2015-04-08T03:14:32.290Z,-4.4367,137.7837,9.33,4.4,mb,,143,5.725,0.87,us,us200024xk,2015-04-08T11:17:15.798Z,"169km ESE of Enarotali, Indonesia",earthquake
2015-04-08T02:48:01.250Z,31.5926667,-115.991,6.52,2.6,ml,7,182,0.2675,0.26,ci,ci37358800,2015-04-08T17:29:48.659Z,"56km ESE of Maneadero, B.C., Mexico",earthquake
2015-04-08T02:12:04.000Z,62.2632,-153.5337,0.6,2.5,ml,,,,1.01,ak,ak11548854,2015-04-08T10:14:40.116Z,"131km SE of McGrath, Alaska",earthquake
2015-04-08T02:04:09.300Z,36.6415,-97.6816,6.682,2.6,ml,,59,,0.59,us,us2000254e,2015-04-09T01:49:54.563Z,"18km SSE of Medford, Oklahoma",earthquake
2015-04-08T01:53:02.000Z,61.156,-152.7106,15.2,2.6,ml,,,,1.2,ak,ak11548847,2015-04-08T09:55:31.953Z,"74km N of Redoubt Volcano, Alaska",earthquake
2015-04-08T01:47:52.130Z,36.1966,-97.0372,5,3.1,mb_lg,,34,0.267,0.3,us,us200024ww,2015-04-11T00:11:37.050Z,"9km NNE of Stillwater, Oklahoma",earthquake
2015-04-08T01:43:48.200Z,21.8088,89.5396,19.61,4.6,mb,,71,4.301,0.82,us,us200024wx,2015-04-08T09:46:32.369Z,"61km SSW of Sarankhola, Bangladesh",earthquake
2015-04-08T01:42:12.360Z,36.2867,-97.5117,5,3,mb_lg,,38,0.438,0.58,us,us200024wv,2015-04-09T03:34:16.695Z,"20km W of Perry, Oklahoma",earthquake
2015-04-08T01:37:31.200Z,18.8337,-67.9302,24,3.2,Md,11,324,0.8578911,0.25,pr,pr15098000,2015-04-08T09:40:33.607Z,"57km ENE of Punta Cana, Dominican Republic",earthquake
2015-04-08T01:01:33.500Z,36.9443,-97.6247,6.882,2.6,ml,,58,,0.52,us,us20002512,2015-04-09T01:50:56.266Z,"9km S of Caldwell, Kansas",earthquake
2015-04-07T23:51:25.400Z,33.5156,132.5706,53.56,4.3,mb,,144,1.11,0.8,us,us200024wm,2015-04-08T07:36:21.841Z,"2km NE of Ozu, Japan",earthquake
2015-04-07T23:36:14.500Z,-1.6089,135.3074,26.94,4.1,mb,,187,3.321,0.43,us,us200024wj,2015-04-08T07:39:00.079Z,"159km ESE of Manokwari, Indonesia",earthquake
2015-04-07T22:42:25.100Z,-1.8048,135.3697,31.23,4.9,mb,,72,3.308,1.3,us,us200024vt,2015-04-08T06:45:03.051Z,"173km N of Nabire, Indonesia",earthquake
2015-04-07T22:10:14.430Z,36.4909,-97.1763,2.78,3,mb_lg,,57,0.272,0.34,us,us200024v1,2015-04-08T21:22:22.602Z,"24km SSE of Tonkawa, Oklahoma",earthquake
2015-04-07T21:44:34.170Z,24.8685,141.5734,109.26,4.5,mb,,122,2.285,1.14,us,us200024us,2015-04-08T05:47:36.802Z,"26km ENE of Iwo Jima, Japan",earthquake
2015-04-07T21:21:24.340Z,36.8498,-98.1957,5,3.2,mb_lg,,92,0.047,0.6,us,us200024u6,2015-04-08T05:24:08.081Z,"17km NE of Cherokee, Oklahoma",earthquake
2015-04-07T20:57:06.000Z,53.6197,-164.034,17.3,3.3,ml,,,,0.69,us,us200024xe,2015-04-09T21:37:47.333Z,"127km ESE of Akutan, Alaska",earthquake
2015-04-07T20:43:20.370Z,-6.9523,129.7961,144,4.3,mb,,68,1.807,1.03,us,us200024tn,2015-04-09T21:26:07.241Z,"200km WNW of Saumlaki, Indonesia",earthquake
2015-04-07T20:30:53.000Z,18.3045,-67.7331,171,3.4,Md,13,316.8,0.61175271,0.21,pr,pr15097003,2015-04-09T21:09:14.040Z,"51km W of Rincon, Puerto Rico",earthquake
2015-04-07T20:11:18.100Z,35.8212,-97.4378,5,2.5,mb_lg,,68,,0.7,us,us200024un,2015-04-09T20:45:51.642Z,"6km S of Guthrie, Oklahoma",earthquake
2015-04-07T20:09:55.000Z,60.4391,-142.1108,24.3,3.2,ml,,,,1.12,ak,ak11548622,2015-04-08T04:12:39.179Z,"45km NNE of Cape Yakataga, Alaska",earthquake
2015-04-07T20:09:54.000Z,60.6566,-142.5345,3.4,2.9,ml,,,,0.79,ak,ak11548617,2015-04-09T20:32:00.040Z,"70km N of Cape Yakataga, Alaska",earthquake
2015-04-07T17:25:12.000Z,36.3306,-97.525,6.866,3.5,mwr,,58,,0.64,us,us10001vfd,2015-04-09T20:28:01.527Z,"21km WNW of Perry, Oklahoma",earthquake
2015-04-07T17:07:24.580Z,36.5144,71.2762,79.19,4.7,mb,,73,0.829,1.18,us,us10001vf9,2015-04-08T22:01:32.343Z,"29km SW of Ashkasham, Afghanistan",earthquake
2015-04-07T16:47:28.300Z,36.5044,-99.0371,7.802,2.9,ml,,237,,0.71,us,us10001vf4,2015-04-07T20:37:33.359Z,"16km ENE of Mooreland, Oklahoma",earthquake
2015-04-07T16:19:58.230Z,-6.7642,129.7168,158.84,4,mb,,86,1.981,0.54,us,us10001vew,2015-04-08T00:22:55.519Z,"219km NW of Saumlaki, Indonesia",earthquake
2015-04-07T14:54:44.150Z,43.1465,-126.3043,10,4.2,mwr,,178,2.519,0.99,us,us10001vcb,2015-04-07T22:57:13.520Z,"154km W of Bandon, Oregon",earthquake
2015-04-07T14:17:05.570Z,-1.642,135.4005,27.22,4.2,mb,,187,3.395,0.72,us,us10001vc4,2015-04-07T22:19:34.102Z,"169km ESE of Manokwari, Indonesia",earthquake
2015-04-07T14:00:19.950Z,5.4563,-76.6177,85.14,4.5,mb,,98,2.366,0.87,us,us10001vc2,2015-04-07T22:02:49.740Z,"8km WSW of Lloro, Colombia",earthquake
2015-04-07T13:16:45.240Z,37.0391667,-118.3851667,10.96,2.57,md,37,87,0.125,0.1,nc,nc72427896,2015-04-07T21:19:24.842Z,"16km SSW of Big Pine, California",earthquake
2015-04-07T11:32:09.320Z,-36.1446,-72.2141,55.56,4.6,mb,,108,0.918,0.84,us,us10001vbl,2015-04-07T19:34:37.785Z,"21km SSE of Cauquenes, Chile",earthquake
2015-04-07T11:26:15.490Z,-5.9703,127.9214,382.88,4.3,mb,,69,3.903,0.41,us,us10001vbi,2015-04-07T19:28:59.504Z,"249km S of Amahusu, Indonesia",earthquake
2015-04-07T10:47:42.000Z,59.8443,-152.939,104.4,2.7,ml,,,,0.61,ak,ak11548456,2015-04-07T18:59:35.483Z,"62km W of Anchor Point, Alaska",earthquake
2015-04-07T09:35:22.450Z,3.0906,126.8854,65.72,4.7,mb,,109,2.352,0.72,us,us10001vb3,2015-04-07T17:37:49.420Z,"195km NW of Tobelo, Indonesia",earthquake
2015-04-07T08:10:59.000Z,61.7828,-152.0443,103.7,2.9,ml,,,,0.6,ak,ak11548426,2015-04-07T16:13:34.767Z,"106km W of Willow, Alaska",earthquake
2015-04-07T03:52:17.520Z,36.357,-97.8384,5,3.1,mb_lg,,66,0.188,0.73,us,us10001v9s,2015-04-07T17:45:42.374Z,"5km SE of Enid, Oklahoma",earthquake
2015-04-07T03:43:20.600Z,18.0963,-67.5205,15,2.9,Md,7,298.8,0.42130987,0.46,pr,pr15097002,2015-04-07T11:45:53.550Z,"35km W of Puerto Real, Puerto Rico",earthquake
2015-04-07T02:33:12.370Z,35.933,-97.4204,7.26,2.6,mb_lg,,61,0.139,0.42,us,us10001v9d,2015-04-07T04:05:41.597Z,"6km N of Guthrie, Oklahoma",earthquake
2015-04-07T01:38:47.500Z,17.9715,-67.0755,45,2.5,Md,5,273.6,0.45095427,0.17,pr,pr15097001,2015-04-07T09:41:29.250Z,"3km W of La Parguera, Puerto Rico",earthquake
2015-04-07T00:46:18.300Z,-15.1979,-173.2223,10,5.8,mb,,43,1.897,1.86,us,us10001v8k,2015-04-07T15:05:43.000Z,"100km NE of Hihifo, Tonga",earthquake
2015-04-07T00:26:11.076Z,39.859,-115.4836,4.8086,2.81,ml,5,121.83,0.905,0.1077,nn,nn00489514,2015-04-08T02:37:54.517Z,"56km NE of Eureka, Nevada",earthquake
2015-04-06T23:44:36.450Z,0.6911,68.1479,10,4.6,mb,,175,8.988,0.67,us,us10001v7n,2015-04-07T07:47:14.534Z,"Carlsberg Ridge",earthquake
2015-04-06T23:17:45.500Z,-8.0988,118.1403,35.78,4.2,mb,,86,3.457,0.62,us,us10001v7h,2015-04-07T07:20:15.473Z,"35km NNW of Pali, Indonesia",earthquake
2015-04-06T19:17:56.000Z,19.0772,-155.4445,36.5,2.8,Md,,273.6,0.08084838,0.14,hv,hv60888391,2015-04-07T13:48:04.040Z,"14km SSE of Pahala, Hawaii",earthquake
2015-04-06T18:55:37.600Z,36.9017,-98.0761,6.381,2.9,ml,,128,,0.49,us,us10001v4c,2015-04-07T13:04:53.849Z,"28km S of Anthony, Kansas",earthquake
2015-04-06T17:58:07.130Z,31.2325,-115.8848333,12.04,3.63,ml,5,197,0.1804,0.08,ci,ci37357664,2015-04-06T18:16:16.441Z,"84km SE of Maneadero, B.C., Mexico",earthquake
2015-04-06T17:52:58.000Z,51.2592,-178.1731,25.5,2.5,ml,,,,0.51,ak,ak11551656,2015-04-12T09:28:42.507Z,"65km E of Amatignak Island, Alaska",earthquake
2015-04-06T17:36:16.200Z,36.3982,-97.2988,5,2.5,mb_lg,,61,,0.35,us,us10001v3w,2015-04-07T13:02:08.644Z,"12km N of Perry, Oklahoma",earthquake
2015-04-06T17:33:14.100Z,36.4837,-98.1341,6.124,2.8,ml,,197,,0.35,us,us10001v3s,2015-04-07T12:54:25.861Z,"14km ESE of Helena, Oklahoma",earthquake
2015-04-06T17:19:59.430Z,-9.9949,124.8813,67.08,4.1,mb,,143,0.65,1.94,us,us10001uqz,2015-04-07T01:22:30.613Z,"52km SE of Neob, Indonesia",earthquake
2015-04-06T16:42:31.820Z,35.3177,27.5881,16.97,4.5,mb,,55,0.417,0.77,us,us10001udq,2015-04-07T00:45:02.893Z,"40km ESE of Karpathos, Greece",earthquake
2015-04-06T16:29:04.000Z,36.5223,-98.0928,5.977,3,mb_lg,,101,,0.55,us,us10001uie,2015-04-07T04:22:30.154Z,"16km E of Helena, Oklahoma",earthquake
2015-04-06T16:09:48.090Z,0.2743,125.5207,69.36,4.7,mb,,46,1.91,1.05,us,us10001ud3,2015-04-07T00:12:23.749Z,"132km SSE of Tondano, Indonesia",earthquake
2015-04-06T15:59:58.100Z,19.1238,-155.4315,39.2,2.7,Md,,187.2,0.04491576,0.26,hv,hv60888241,2015-04-07T00:02:32.156Z,"10km SSE of Pahala, Hawaii",earthquake
2015-04-06T15:57:15.600Z,18.9918,-155.5215,14.9,2.6,Md,,302.4,0.35932611,0.29,hv,hv60888236,2015-04-06T23:59:51.048Z,"24km S of Pahala, Hawaii",earthquake
2015-04-06T15:54:06.700Z,18.9561,-65.0112,38,2.7,Md,7,252,0.65397353,0.11,pr,pr15096001,2015-04-06T23:56:36.297Z,"68km N of Charlotte Amalie, U.S. Virgin Islands",earthquake
2015-04-06T15:53:31.200Z,18.962,-65.0497,30,3,Md,11,248.4,0.67912635,0.15,pr,pr15096000,2015-04-06T23:56:11.257Z,"69km N of Charlotte Amalie, U.S. Virgin Islands",earthquake
2015-04-06T15:47:29.600Z,19.1453,-155.484,41.3,2.6,md,,244.799980416002,0.02694946,0.11,hv,hv60888231,2015-04-06T23:50:02.728Z,"6km S of Pahala, Hawaii",earthquake
2015-04-06T15:40:04.000Z,51.335,-179.3317,27.5,2.6,ml,,,,0.55,ak,ak11551646,2015-04-12T09:28:23.703Z,"17km WNW of Amatignak Island, Alaska",earthquake
2015-04-06T15:37:00.900Z,36.6331,-97.6504,6.364,3.1,ml,,60,,0.31,us,us10001ud4,2015-04-07T04:47:14.994Z,"20km SSE of Medford, Oklahoma",earthquake
2015-04-06T15:30:23.600Z,36.6338,-97.6574,5.226,3.9,mwr,,60,,0.51,us,us10001uc6,2015-04-08T21:53:43.341Z,"20km SSE of Medford, Oklahoma",earthquake
2015-04-06T15:09:50.800Z,19.0745,-155.4273,42.3,2.7,Md,,194.4,0.08983153,0.19,hv,hv60888216,2015-04-06T23:12:20.236Z,"15km SSE of Pahala, Hawaii",earthquake
2015-04-06T15:06:44.300Z,19.1153,-155.4525,41.8,2.5,Md,,176.4,0.04491576,0.13,hv,hv60888201,2015-04-06T23:09:28.011Z,"10km SSE of Pahala, Hawaii",earthquake
2015-04-06T14:59:00.500Z,19.1045,-155.5565,48,2.5,Md,,219.6,0.09881468,0.34,hv,hv60888186,2015-04-06T23:02:07.931Z,"13km SW of Pahala, Hawaii",earthquake
2015-04-06T11:53:49.200Z,19.4177,-155.6148,2.4,3.2,Ml,,79.2,0.03593261,0.15,hv,hv60888036,2015-04-06T19:56:24.495Z,"26km E of Honaunau-Napoopoo, Hawaii",earthquake
2015-04-06T11:37:30.310Z,24.5132,122.6662,83.43,4.8,mb,,66,0.317,0.78,us,us10001ub8,2015-04-06T19:40:11.579Z,"34km W of Yonakuni, Japan",earthquake
2015-04-06T10:58:33.910Z,1.8403,-97.0712,21.36,4.9,mb,,186,14.31,0.81,us,us10001ub5,2015-04-06T19:01:08.949Z,"West of the Galapagos Islands",earthquake
2015-04-06T10:45:40.390Z,-1.4506,-77.5553,177.46,4.5,mb,,140,1.901,0.77,us,us10001ub3,2015-04-06T18:48:13.568Z,"47km E of Puyo, Ecuador",earthquake
2015-04-06T10:10:22.000Z,63.1697,-150.708,129.4,3.4,ml,,,,0.54,ak,ak11547770,2015-04-12T09:29:03.806Z,"91km WSW of Cantwell, Alaska",earthquake
2015-04-06T09:18:47.000Z,52.2409,-168.5283,1.7,2.8,ml,,,,0.53,ak,ak11547753,2015-04-12T09:28:03.183Z,"80km SSE of Nikolski, Alaska",earthquake
2015-04-06T09:05:50.000Z,58.1147,-151.4473,2.6,2.5,ml,,,,0.86,ak,ak11547747,2015-04-12T09:29:20.982Z,"67km ENE of Kodiak, Alaska",earthquake
2015-04-06T09:01:42.990Z,36.516,-98.9364,5,3.3,mb_lg,,45,0.146,0.51,us,us10001uai,2015-04-06T17:04:13.727Z,"25km ENE of Mooreland, Oklahoma",earthquake
2015-04-06T08:50:11.900Z,42.38,21.47,1,3.5,ml,,,,1.39,us,us10001v62,2015-04-06T21:52:04.968Z,"8km S of Gjilan, Kosovo",earthquake
2015-04-06T08:08:46.100Z,19.2978,-155.3822,2.8,2.5,Md,,97.2,0.03593261,0.22,hv,hv60887941,2015-04-06T11:37:32.143Z,"14km NE of Pahala, Hawaii",earthquake
2015-04-06T07:52:53.220Z,-8.7183,159.1296,135.64,4.9,mb,,45,1.079,0.73,us,us10001ua6,2015-04-06T15:55:31.637Z,"74km S of Dadali, Solomon Islands",earthquake
2015-04-06T07:47:25.780Z,53.1829,108.2108,10,4.6,mb,,56,3.174,0.87,us,us10001ua5,2015-04-06T15:50:00.980Z,"26km N of Turka, Russia",earthquake
2015-04-06T06:56:57.480Z,-5.8014,151.9546,36.17,4.7,mb,,132,1.613,0.72,us,us10001u9x,2015-04-06T14:59:26.727Z,"163km SSW of Kokopo, Papua New Guinea",earthquake
2015-04-06T04:58:42.520Z,43.012,145.3207,41.04,4.5,mb,,136,1.884,0.62,us,us10001u9h,2015-04-06T13:01:24.938Z,"40km SSW of Nemuro, Japan",earthquake
2015-04-06T02:36:36.000Z,52.863,-169.5196,3,3.8,ml,,,,0.44,ak,ak11547650,2015-04-12T09:27:24.425Z,"44km W of Nikolski, Alaska",earthquake
2015-04-06T02:36:02.000Z,51.705,178.3148,128.2,2.5,ml,,,,0.37,ak,ak11551587,2015-04-12T09:29:39.042Z,"30km SSW of Little Sitkin Island, Alaska",earthquake
2015-04-06T02:35:19.530Z,-9.3608,110.2685,34.23,4.3,mb,,91,1.46,0.66,us,us10001u8u,2015-04-06T10:37:50.163Z,"156km S of Bambanglipuro, Indonesia",earthquake
2015-04-06T02:25:18.090Z,-7.62,128.2335,173.72,4.1,mb,,81,3.058,1.64,us,us10001u8p,2015-04-06T10:27:54.064Z,"Kepulauan Barat Daya, Indonesia",earthquake
2015-04-06T02:12:53.010Z,-9.2926,110.2926,39.41,4.4,mb,,75,1.39,1.29,us,us10001u8n,2015-04-06T10:15:33.855Z,"148km S of Bambanglipuro, Indonesia",earthquake
2015-04-06T01:33:45.240Z,37.0724,-98.0476,5.74,3,mb_lg,,69,0.063,0.39,us,us10001u8k,2015-04-06T11:53:25.377Z,"9km S of Anthony, Kansas",earthquake
2015-04-06T01:26:33.600Z,40.2166,45.0995,10,4.1,mb,,122,0.283,1.2,us,us10001u8j,2015-04-06T09:29:16.706Z,"7km SSW of Lanjaghbyur, Armenia",earthquake
2015-04-06T00:59:21.810Z,17.5228,-94.4967,146.97,4.4,mb,,126,2.574,1.43,us,us10001u8b,2015-04-06T09:01:56.152Z,"32km SSE of Hidalgotitlan, Mexico",earthquake
2015-04-05T23:46:34.260Z,35.6553,-97.3062,4.24,2.7,mb_lg,,31,0.078,0.45,us,us10001u7p,2015-04-06T19:51:02.759Z,"10km N of Jones, Oklahoma",earthquake
2015-04-05T20:51:43.820Z,-5.571,152.689,35,5.4,mwb,,53,1.467,0.6,us,us10001u5v,2015-04-06T15:56:38.000Z,"127km SSW of Taron, Papua New Guinea",earthquake
2015-04-05T19:15:11.200Z,19.2691,-67.4828,16,3.1,Md,12,309.6,0.87136583,0.25,pr,pr15095003,2015-04-06T03:18:02.831Z,"95km NNW of San Antonio, Puerto Rico",earthquake
2015-04-05T19:08:38.300Z,36.1867,-97.0311,5.511,2.7,ml,,60,,0.39,us,us10001u5k,2015-04-06T22:48:30.704Z,"8km NNE of Stillwater, Oklahoma",earthquake
2015-04-05T18:46:31.800Z,18.6525,-66.208,38,2.6,Md,13,208.8,0.35034296,0.3,pr,pr15095002,2015-04-06T02:49:11.066Z,"22km N of Levittown, Puerto Rico",earthquake
2015-04-05T17:27:51.880Z,-0.8859,120.3758,15.9,4.6,mb,,100,2.024,1.07,us,us10001u4r,2015-04-06T01:30:34.912Z,"56km E of Palu, Indonesia",earthquake
2015-04-05T15:43:25.350Z,36.9234,-97.6198,5,2.5,mb_lg,,46,0.144,0.31,us,us10001u48,2015-04-06T13:37:21.068Z,"12km S of Caldwell, Kansas",earthquake
2015-04-05T15:27:23.000Z,66.3848,-153.4848,4.3,3,ml,,,,0.75,ak,ak11547102,2015-04-05T23:29:52.431Z,"41km WSW of New Allakaket, Alaska",earthquake
2015-04-05T13:51:46.000Z,-24.224,-67.043,195,4.4,mb,,,,0.9,us,us10001u40,2015-04-05T21:54:20.507Z,"73km W of San Antonio de los Cobres, Argentina",earthquake
2015-04-05T13:23:52.100Z,19.7483,-156.1013,10,4.5,Ml,,244.8,0.25152828,0.17,hv,hv60887176,2015-04-07T07:52:34.995Z,"7km W of Kalaoa, Hawaii",earthquake
2015-04-05T13:00:44.210Z,-9.2916,110.3076,44.84,4.7,mb,,85,1.386,0.71,us,us10001u3t,2015-04-05T21:03:15.389Z,"148km S of Bambanglipuro, Indonesia",earthquake
2015-04-05T12:40:49.430Z,36.3596,-97.4013,5,2.8,mb_lg,,40,0.43,0.33,us,us10001u3q,2015-04-06T08:23:21.981Z,"12km NW of Perry, Oklahoma",earthquake
